Index,X,Y,Area,Diameter
1,285.7154,445.2843,4.439654943343127,2.377550049703143
2,316.3278,440.8477,0.6561066418733685,0.9139917516020395
3,320.6165,438.3336,0.19683199256201056,0.5006138997260956
4,275.955,437.89,9.666637856934296,3.508268174481921
5,242.9764,436.4111,2.1760870288800054,1.6645359887834419
6,331.2643,434.4886,0.37179376372824213,0.6880279954076867
7,343.243,433.3055,2.2635679144631213,1.6976643310407822
8,334.6657,432.714,0.18589688186412107,0.486509261198962
9,318.8419,433.7492,12.90343062350958,4.053289791342225
10,234.1033,436.1153,108.65125989422982,11.761763502240258
11,218.2795,432.714,40.66767668545096,7.195810874975827
12,266.1945,428.5732,0.8310684130396001,1.028663777850817
13,369.1231,425.6154,5.653452230808859,2.682945945138862
14,201.1247,425.3197,6.604806861525243,2.89991401276522
15,322.539,423.8408,1.060705737695279,1.1621241287233959
16,307.011,424.4324,7.556161492241627,3.1017420296225633
17,295.7717,427.538,90.24746858968184,10.719451750002301
18,348.1233,422.362,0.7435875274564843,0.973018522397924
19,223.0118,422.0662,1.0060301842058317,1.1317762206938546
20,207.1881,421.9183,1.7168123795686476,1.4784834840327694
21,249.9271,427.0943,157.99047936310714,14.183078862389952
22,291.6309,419.5521,0.9076141879248264,1.0749931513403146
23,243.1243,419.5521,1.6621368260792002,1.4547502657585698
24,323.87,418.369,6.736028189899916,2.9285794279533195
25,284.5324,418.0733,6.265818429890669,2.8245154991727675
26,317.0672,418.9606,17.157188684988586,4.673886082288501
27,367.6442,416.7423,16.074612725897527,4.524028358544608
28,270.9269,413.3409,12.400415531406665,3.973499644612424
29,315.4405,411.4184,0.09841599628100528,0.3539874832525645
30,385.8342,414.3761,64.09068380033021,9.033426429860251
31,196.9839,413.7846,45.76343827066745,7.633336053735637
32,301.9829,411.1226,9.240168539716606,3.4300069948594776
33,340.8769,415.2634,123.27150289730805,12.528134427271596
34,394.4115,408.017,5.63158200941308,2.677751466025897
35,161.1956,410.679,48.92368526235751,7.892500918606881
36,271.9621,406.3903,0.3827288744261316,0.6980727310469369
37,262.941,407.5734,19.289535271077035,4.955824765535903
38,335.4051,406.2424,3.0180905526174953,1.960293917040043
39,319.2855,407.1297,8.179462802021327,3.227137352859936
40,325.3488,409.0522,38.436914103081506,6.995670018921136
41,285.5676,405.0593,0.03280533209366843,0.20437476874562627
42,209.4063,405.503,2.187022139577895,1.6687129990869851
43,295.6238,406.0945,8.430970348072785,3.2763767865823747
44,166.8152,405.0593,4.341238947062122,2.351050212254926
45,270.6311,403.8762,0.20776710325990003,0.5143318889254085
46,334.8135,402.9889,2.252632803765232,1.6935587280993645
47,221.3851,406.0945,49.18612791910686,7.913641583936506
48,359.9541,401.8058,0.20776710325990003,0.5143318889254085
49,331.2643,401.6579,1.837098597245432,1.529400726294577
50,365.8696,399.5875,1.2247323981636211,1.248750463887903
51,327.2714,399.7354,2.50414034981669,1.785600884563388
52,300.7998,399.7354,5.511295791736296,2.6489997630749498
53,343.8346,399.2918,2.974350109825937,1.946037044795848
54,407.2776,400.4749,30.22464596896651,6.203484059245127
55,311.4476,398.2566,0.8201333023417107,1.0218738437281314
56,305.2364,398.996,6.2002077657033325,2.809688543747782
57,360.2499,397.5171,0.5576906455923633,0.8426587587494001
58,321.3559,398.1087,11.634957782554402,3.8489074229022973
59,347.6796,394.2636,0.0437404427915579,0.23599165550170967
60,256.1383,397.2214,21.531232964144376,5.2358778878860335
61,294.7365,394.2636,0.5358204241965843,0.8259707942559839
62,412.7494,395.7425,10.432095605786559,3.644524202107234
63,361.7288,394.2636,1.5637208297981948,1.4110248748428018
64,351.9683,396.1862,22.1326640525283,5.308501022135856
65,191.2164,392.489,0.19683199256201056,0.5006138997260956
66,307.7504,392.7848,2.121411475390558,1.643491704001643
67,236.4695,391.4538,0.02187022139577895,0.1668712999086985
68,289.7084,391.4538,0.7873279702480422,1.0012277994521912
69,243.2722,392.3411,5.806543780579311,2.719029451784146
70,180.125,393.5242,67.57898411295696,9.2760031783978
71,283.3493,388.644,0.28431287814512635,0.6016630282241419
72,175.8363,388.4961,0.1312213283746737,0.40874953749125253
73,411.2705,386.5736,0.16402666046834213,0.45699587580101975
74,360.9893,387.4609,3.8491589656570953,2.213797960304081
75,225.8217,386.4257,3.3570789842520687,2.067453921505649
76,131.6184,389.3834,66.0699388366482,9.171851440415615
77,326.5319,389.8271,82.43979955138875,10.2452727073938
78,403.1368,385.0947,0.10935110697889475,0.37313557008960435
79,420.1437,388.4961,61.10539857980638,8.820533423133396
80,269.1522,391.4538,224.14789908533845,16.893607340788986
81,376.5173,388.644,81.39002892439136,10.179833170227976
82,407.2776,381.9891,1.8261634865475422,1.5248421446903184
83,390.1228,394.8552,271.09232931137797,18.57862949610691
84,220.3499,383.7638,18.250699754777532,4.820530328384118
85,149.2168,384.2074,45.51193072461599,7.612331440224364
86,271.0747,381.2497,1.727747490266537,1.4831845562586896
87,196.2445,381.3976,2.329178578650458,1.7220924113089293
88,263.0889,381.2497,3.8491589656570953,2.213797960304081
89,424.1366,380.2145,2.372919021442016,1.7381870827256312
90,303.4617,381.1018,15.145128316576923,4.391284126853331
91,217.2443,379.3272,0.29524798884301584,0.6131243062368787
92,366.4611,381.8412,22.755965362307997,5.382731182022205
93,360.8414,379.1793,0.1312213283746737,0.40874953749125253
94,296.9548,379.1793,4.17721228659378,2.306207247851934
95,374.8906,377.7004,0.7326524167585948,0.9658374757498438
96,302.5744,377.2568,0.18589688186412107,0.486509261198962
97,229.5188,377.2568,0.8638737451332685,1.0487698574816797
98,154.6886,377.1089,0.5248853134986948,0.8174990749825051
99,311.8912,377.4047,15.101387873785365,4.384938337227513
100,174.3574,376.0737,5.467555348944738,2.638466919122675
101,207.4838,381.3976,147.76615086058047,13.716475737192585
102,315.7363,373.8554,0.18589688186412107,0.486509261198962
103,181.4559,376.0737,15.145128316576923,4.391284126853331
104,257.1735,374.4469,2.897804334940711,1.9208329110444489
105,347.236,375.0385,11.077267136962039,3.7555311962990436
106,197.5755,374.5948,6.495455754546348,2.875807908704263
107,337.9191,378.8835,130.77298883606022,12.903694849510424
108,294.5886,372.3765,2.482270128420911,1.7777864011799434
109,364.8344,371.4892,0.32805332093668427,0.6462897655063726
110,391.0102,372.9681,12.48789641698978,3.987490883835089
111,410.8269,371.1935,0.4483395386134685,0.75554194458745
112,213.1035,371.3413,1.837098597245432,1.529400726294577
113,298.7294,369.5667,0.5358204241965843,0.8259707942559839
114,433.8971,371.4892,33.41769829275024,6.52293913511067
115,236.1737,368.3836,1.0935110697889474,1.1799582775085482
116,349.6021,368.2357,0.5030150921029158,0.8002866404383072
117,321.7996,367.7921,0.19683199256201056,0.5006138997260956
118,180.7165,367.94,5.0520211424249375,2.536224181608074
119,421.6225,368.6794,20.995412539947793,5.170318124050981
120,271.5184,369.7146,62.537898081229905,8.923324766119363
121,277.5817,366.7569,4.100666511708553,2.2849793790050987
122,252.589,366.0175,1.8808390400369897,1.547500773200717
123,383.6159,365.4259,0.4920799814050264,0.7915400757368026
124,403.8762,365.278,0.667041752571258,0.9215768754494513
125,162.0829,367.4963,30.508958847111636,6.232592788947489
126,116.534,371.6371,105.35979157416509,11.582238689358874
127,412.1578,363.947,1.8042932651517634,1.5156838507718393
128,263.5326,363.2076,0.1749617711662316,0.47198331100341934
129,217.2443,366.0175,35.057964897433656,6.681106739556684
130,227.3005,365.7217,33.33021740716712,6.514395661719163
131,338.2149,362.6161,0.6014310883839211,0.8750804792494901
132,243.1243,363.0597,4.297498504270564,2.3391761453720186
133,157.9421,362.3203,0.24057243535356845,0.5534494900760203
134,396.4819,364.2428,20.765775215292113,5.1419652061435865
135,387.7567,362.0245,1.082575959091058,1.1740436624309722
136,248.4482,361.8766,1.476239944215079,1.370987627403059
137,120.3791,362.1724,5.489425570340517,2.643738586554639
138,270.1874,361.2851,1.5637208297981948,1.4110248748428018
139,415.4113,360.3978,0.05467555348944737,0.2638466919122675
140,318.694,360.6936,3.6851323051887532,2.1661154582679494
141,138.4211,359.6584,0.874808855831158,1.05538676764907
142,266.7861,358.9189,0.02187022139577895,0.1668712999086985
143,362.1724,364.3907,103.40240675924288,11.47414629968864
144,107.8088,360.2499,8.605932119239016,3.310198346552907
145,432.8619,360.2499,12.575377302572896,4.001433202191536
146,240.7581,358.4753,0.4702097600092474,0.7737503866003586
147,374.4469,358.9189,5.183242470799611,2.56895100844155
148,270.779,357.2922,2.646296788889253,1.8355842989956839
149,114.9073,357.4401,9.349519646695502,3.4502431998992535
150,210.5894,356.9964,7.479615717356401,3.0859913335524505
151,350.9331,360.102,61.35690612585785,8.838667276351416
152,381.8412,356.9964,8.923050329477812,3.3706350349976004
153,230.1104,355.5176,0.7326524167585948,0.9658374757498438
154,420.2916,356.7006,37.35433814399045,6.8964498470109765
155,149.0689,358.771,149.6141845685238,13.801981605767697
156,357.4401,353.4472,2.733777674472369,1.8656778504480218
157,443.8054,351.9683,3.9475749619381006,2.241920727266242
158,284.0887,358.9189,156.60172030447518,14.120605619633078
159,261.4622,351.2289,1.6293314939855317,1.4403226338653439
160,396.0383,354.926,61.88179143935654,8.876392508200762
161,452.2349,352.8556,27.28310119123424,5.8938886433059166
162,316.032,352.5598,23.70731999302438,5.494096587684747
163,213.3993,351.9683,13.800109700736517,4.1917592240801556
164,137.8296,349.1585,0.07654577488522632,0.31218761597197575
165,270.1874,349.6021,3.247727877273174,2.033503273634688
166,383.6159,351.2289,24.636804402344985,5.600763664088227
167,249.6313,350.3416,16.118353168689087,4.530179317685146
168,372.5244,347.8275,0.07654577488522632,0.31218761597197575
169,178.794,350.6373,38.458784324477286,6.997659969187219
170,131.3226,349.0106,16.249574497063758,4.54858228844786
171,387.6088,347.236,3.707002526584532,2.1725335922099314
172,238.5399,346.6444,0.09841599628100528,0.3539874832525645
173,327.2714,351.5246,70.46585333719977,9.472059492128995
174,198.3149,350.9331,111.73496111103465,11.927504810982676
175,458.2982,345.7571,12.31293464582355,3.9594589659197363
176,321.3559,343.9825,0.10935110697889475,0.37313557008960435
177,433.8971,347.8275,54.872385482009385,8.358569920126646
178,450.1645,343.3909,2.1760870288800054,1.6645359887834419
179,161.4913,350.7852,120.4174390051589,12.38225525569162
180,317.9546,342.2078,0.9076141879248264,1.0749931513403146
181,358.771,341.7642,3.9257047405423213,2.2357017950998688
182,307.8983,341.7642,0.7763928595501527,0.9942505172386221
183,384.6511,340.729,0.28431287814512635,0.6016630282241419
184,151.7309,342.3557,13.679823483059733,4.17345087710738
185,256.5819,341.0247,2.0448657005053317,1.613568676429968
186,250.5186,343.0951,32.69598098668953,6.452117167733558
187,269.0043,342.6515,24.899247059094336,5.630515606031975
188,284.2366,343.3909,58.57938800859392,8.636295115321532
189,238.0962,339.8417,0.40459909582191056,0.7177405997744226
190,245.4905,338.8065,0.29524798884301584,0.6131243062368787
191,187.2235,339.9895,19.683199256201053,5.006138997260955
192,421.7704,338.067,0.5030150921029158,0.8002866404383072
193,142.7098,342.0599,71.85461239583174,9.564942967628735
194,225.378,339.1022,10.093107174151985,3.584821220560445
195,287.7858,337.3276,0.6779768632691474,0.9291000768107722
196,265.7509,337.1797,1.8152283758496528,1.5202698940836659
197,169.0335,337.6234,10.891370255097916,3.7238855118200083
198,352.2641,335.553,0.16402666046834213,0.45699587580101975
199,85.6259,335.553,0.0437404427915579,0.23599165550170967
200,180.8644,335.7009,2.066735921901111,1.6221744370717894
201,176.4278,335.9966,7.29371883549228,3.04740073661612
202,212.512,338.067,62.66911940960458,8.932681627934496
203,410.0874,341.3205,139.29144006971615,13.31733343203025
204,152.7661,333.3347,0.27337776744723685,0.5899791387542741
205,451.7912,333.9262,1.8699039293391002,1.5429956667762252
206,286.1591,333.6305,2.7775181172639267,1.8805440444506447
207,397.2214,332.891,0.20776710325990003,0.5143318889254085
208,391.6017,334.222,14.259384350047876,4.26094027628394
209,153.6534,332.2995,0.03280533209366843,0.20437476874562627
210,419.5521,332.1516,0.7763928595501527,0.9942505172386221
211,117.7171,335.9966,83.78481816722916,10.328511206314356
212,190.1812,332.7431,16.566692707302554,4.592751711165458
213,375.63,333.6305,27.589284290775144,5.926868293623161
214,235.2864,331.1164,1.7824230437559845,1.506469881795628
215,142.7098,330.0812,0.5030150921029158,0.8002866404383072
216,366.609,330.2291,1.5090452763087476,1.3861371218577538
217,303.9054,329.4896,0.14215643907256317,0.4254400072465238
218,463.77,329.7854,43.609221463183225,7.4515089265220835
219,332.1516,332.0037,117.74927199487387,12.244306001878998
220,181.8996,326.6798,2.7009723423787,1.8544499981268092
221,121.4143,326.6798,4.045990958219106,2.2696950644625105
222,383.7638,326.5319,4.210017618687448,2.3152453252613685
223,258.3566,329.3418,45.00891563251308,7.570147373001684
224,206.005,325.4967,0.10935110697889475,0.37313557008960435
225,414.9677,326.9756,7.446810385262732,3.079216371848689
226,357.1443,327.5671,21.006347650645683,5.171664385790774
227,170.8081,329.3418,43.62015657388112,7.452443109303479
228,81.1893,326.0883,2.50414034981669,1.785600884563388
229,313.9616,331.4122,123.62142643964052,12.545903264393493
230,458.2982,324.9052,0.42646931721768955,0.7368837081234506
231,417.7775,324.0179,0.03280533209366843,0.20437476874562627
232,334.0741,324.1658,0.1312213283746737,0.40874953749125253
233,322.8348,324.9052,2.394789242837795,1.746178789611035
234,90.5061,324.7573,1.6512017153813108,1.44995700638261
235,403.2847,322.9827,0.5358204241965843,0.8259707942559839
236,392.489,322.9827,0.5467555348944737,0.8343564995434926
237,200.3853,326.384,53.986641515480336,8.290833906486768
238,433.7492,322.8348,2.7447127851702584,1.8694054822373236
239,172.7307,322.3911,1.8152283758496528,1.5202698940836659
240,285.2718,322.6869,4.942670035446043,2.508625708571817
241,364.3907,321.6517,2.3619839107441267,1.7341774186015775
242,318.694,320.7644,0.3061830995409053,0.6243752319439515
243,266.6382,321.6517,2.7447127851702584,1.8694054822373236
244,430.3478,320.9123,0.8529386344353791,1.042110933919961
245,195.3572,321.0602,1.4106292800277422,1.340174981967882
246,280.5394,321.0602,2.7119074530765896,1.8582001536215444
247,386.4257,320.4686,0.8529386344353791,1.042110933919961
248,324.9052,320.9123,1.837098597245432,1.529400726294577
249,461.4038,321.208,4.909864703352374,2.5002867634748664
250,227.0048,326.0883,103.686719637388,11.489909995565254
251,439.0731,320.025,0.2187022139577895,0.527693383824535
252,207.3359,320.6165,3.6304567516993056,2.149986302680629
253,445.1364,320.4686,14.838945217036018,4.346669052560703
254,196.5403,318.5461,0.4483395386134685,0.75554194458745
255,221.3851,318.694,3.0180905526174953,1.960293917040043
256,104.1116,325.3488,167.3728043418963,14.598139374636876
257,375.9258,320.9123,37.69332657562502,6.92767161236029
258,409.6438,321.7996,39.70538694403668,7.11016658005695
259,132.8015,317.0672,2.6025563460976953,1.820350970899029
260,452.8264,316.1799,0.02187022139577895,0.1668712999086985
261,210.5894,316.032,0.1749617711662316,0.47198331100341934
262,400.6227,317.0672,7.851409481084643,3.1617598000521085
263,276.5465,317.363,12.29106442442777,3.95594100968012
264,355.8133,314.849,0.2187022139577895,0.527693383824535
265,394.2636,314.849,1.498110165610858,1.3811057545407186
266,242.0891,314.4053,0.6123661990818106,0.8829999210249831
267,250.8144,314.2574,4.756773153581921,2.460998107369262
268,344.574,315.1447,14.685853667265565,4.324188899360946
269,233.9554,313.2222,0.06561066418733685,0.2890295697669296
270,88.5836,315.2926,10.486771159276007,3.6540623607949576
271,401.9537,313.0743,0.10935110697889475,0.37313557008960435
272,153.9492,321.208,321.7765673960957,20.241014060018045
273,434.9323,313.2222,0.5358204241965843,0.8259707942559839
274,112.8369,313.518,1.935514593526437,1.5698323859220973
275,363.6513,315.1447,19.30047038177492,4.957229278746908
276,440.8477,311.8912,1.0060301842058317,1.1317762206938546
277,172.1391,314.5532,31.28535170666179,6.311398178206593
278,398.8481,310.7081,0.0437404427915579,0.23599165550170967
279,206.7444,312.187,14.56556744958878,4.306443598646536
280,144.7802,311.2997,3.0180905526174953,1.960293917040043
281,372.3765,310.7081,0.29524798884301584,0.6131243062368787
282,264.4199,311.0039,1.377823947934074,1.3244998815374749
283,387.313,313.2222,45.41351472833499,7.6040964497781625
284,302.7223,316.1799,98.95181670520186,11.224498476655805
285,376.8131,311.5955,11.788049332324855,3.874146430532142
286,343.9825,309.8208,1.6074612725897528,1.4306233812193838
287,222.864,311.1518,8.190397912719217,3.2292938097346364
288,77.6401,309.9687,1.957384814922216,1.5786765820214992
289,313.518,311.8912,28.824951799636658,6.05814068063646
290,123.1889,309.6729,10.716408483931685,3.693853686771745
291,247.8567,308.4899,0.8091981916438211,1.0150384904667882
292,160.8998,309.0814,4.045990958219106,2.2696950644625105
293,375.0385,307.7504,0.7873279702480422,1.0012277994521912
294,148.1816,307.4547,0.3827288744261316,0.6980727310469369
295,409.4959,307.7504,3.33520876285629,2.0607085399968303
296,359.9541,307.011,1.8480337079433213,1.5339457607611129
297,238.5399,307.7504,8.96679077226937,3.3788862958998354
298,467.0235,310.856,70.56426933348078,9.478671750869447
299,368.9752,306.1237,0.20776710325990003,0.5143318889254085
300,103.2243,308.0462,11.514671564877617,3.8289600652187143
301,334.5178,307.1589,6.506390865244238,2.8782276044699096
302,457.7067,306.8631,6.058051326630769,2.7772919387600594
303,259.3918,305.8279,0.9841599628100528,1.119406710268813
304,323.5742,308.0462,31.154130378287114,6.29814820240602
305,189.5896,311.8912,172.29360415594658,14.811179227742056
306,131.7663,305.3843,4.013185626125438,2.2604748703636703
307,297.99,304.7927,0.9841599628100528,1.119406710268813
308,229.2231,305.68,12.181713317448875,3.9383040916621552
309,167.9983,302.8702,1.1481866232783948,1.2090974375516588
310,143.745,303.166,1.7058772688707582,1.4737674162469012
311,435.8196,302.4265,1.4324995014235211,1.3505239772124862
312,400.6227,303.4617,8.179462802021327,3.227137352859936
313,379.3272,303.9054,17.539917559414718,4.725729218654141
314,293.5534,301.9829,0.9732248521121633,1.1131704126629656
315,302.7223,303.4617,15.538792301700944,4.447988852948258
316,228.6315,301.5392,0.2187022139577895,0.527693383824535
317,409.348,301.3913,0.3061830995409053,0.6243752319439515
318,367.4963,301.0956,0.32805332093668427,0.6462897655063726
319,171.8433,301.5392,2.230762582369453,1.6853175174988002
320,472.0516,300.6519,0.07654577488522632,0.31218761597197575
321,424.1366,306.2716,159.34643308964542,14.243811987043083
322,338.3628,301.9829,26.298941228424187,5.7866097117997874
323,314.1095,299.0252,0.02187022139577895,0.1668712999086985
324,207.9275,302.2787,33.89884316345737,6.569729647138392
325,445.1364,299.7646,4.942670035446043,2.508625708571817
326,308.1941,298.7294,1.3559537265382948,1.3139459294276785
327,176.8715,300.0604,16.315185161251097,4.557755909104966
328,100.1187,299.4688,7.260913503398611,3.0405397881673317
329,417.9254,298.1379,5.248853134986948,2.5851590620254905
330,242.5328,299.0252,18.32724552966276,4.830628712128201
331,375.3343,296.9548,1.7168123795686476,1.4784834840327694
332,414.6719,296.0674,0.9513546307163844,1.1005918121151994
333,370.8977,295.7717,0.06561066418733685,0.2890295697669296
334,479.4459,296.3632,5.434750016851069,2.630539609510732
335,400.0312,295.4759,0.12028621767678423,0.3913478874769908
336,249.1876,295.328,1.3450186158404054,1.3086370352748529
337,323.1306,294.8844,0.32805332093668427,0.6462897655063726
338,189.4418,295.328,2.5260105712124687,1.793381317424371
339,129.8438,293.997,0.12028621767678423,0.3913478874769908
340,275.6592,296.2153,23.401136893483475,5.458502806131377
341,367.3484,293.5534,0.4483395386134685,0.75554194458745
342,432.1224,293.5534,0.37179376372824213,0.6880279954076867
343,242.8285,292.9618,0.7435875274564843,0.973018522397924
344,448.242,293.8492,7.632707267126854,3.117413146487543
345,262.0537,292.814,0.0437404427915579,0.23599165550170967
346,342.0599,294.7365,28.475028257304192,6.021256680681441
347,349.6021,291.3351,0.4920799814050264,0.7915400757368026
348,71.5767,291.483,3.4664300912309636,2.1008559853581543
349,380.5103,290.8914,1.3887590586319634,1.3297454461510272
350,438.0379,290.0041,0.3608586530303527,0.6778344245448961
351,185.8925,290.0041,0.28431287814512635,0.6016630282241419
352,99.0835,289.8562,0.10935110697889475,0.37313557008960435
353,409.348,289.5605,0.229637324655679,0.5407248123572632
354,370.6019,290.5957,24.899247059094336,5.630515606031975
355,334.6657,289.1168,8.102917027136101,3.2120016168516425
356,281.4268,287.638,0.4483395386134685,0.75554194458745
357,89.1752,289.8562,28.365677150325297,6.009684006749838
358,146.8506,288.3774,6.068986437328658,2.7797973898232615
359,426.6506,287.9337,7.053146400138711,2.996722361424739
360,214.4345,288.821,18.480337079433212,4.850762411164856
361,392.489,293.997,177.2253390806947,15.021661361069173
362,365.278,286.1591,0.3061830995409053,0.6243752319439515
363,472.3474,287.9337,25.85060168981072,5.73707314984432
364,282.0183,285.7154,0.0437404427915579,0.23599165550170967
365,230.7019,291.3351,136.38270062407753,13.177550897353896
366,385.2426,286.1591,8.868374775988364,3.360292466783245
367,276.8423,284.976,0.8091981916438211,1.0150384904667882
368,245.6384,283.7929,0.1312213283746737,0.40874953749125253
369,317.0672,288.9689,106.89070707186961,11.666082256207819
370,437.2984,282.6098,0.0437404427915579,0.23599165550170967
371,165.0406,282.6098,0.4483395386134685,0.75554194458745
372,259.8354,286.4549,65.59972907663897,9.139155824488924
373,82.8161,282.1662,0.06561066418733685,0.2890295697669296
374,419.5521,284.5324,31.361897481547015,6.319114500579632
375,332.2995,282.0183,0.5139502028008053,0.808938639348277
376,291.1872,288.821,115.17952098086984,12.10995957286798
377,228.4836,281.7225,0.0874808855831158,0.333742599817397
378,457.5588,285.7154,83.99258527048906,10.34130944469446
379,359.9541,282.462,9.40419520018495,3.4603169241102885
380,315.1447,280.9831,0.3499235423324632,0.667485199634794
381,266.1945,280.5394,0.12028621767678423,0.3913478874769908
382,245.7863,280.5394,0.3389884316345737,0.6569729647138393
383,366.1653,280.6873,0.8857439665290475,1.0619624497576936
384,429.0168,280.5394,3.1055714382006108,1.9885010344772442
385,261.4622,280.0958,3.0180905526174953,1.960293917040043
386,98.6399,281.4268,13.898525697017522,4.2066795136973
387,282.462,279.3563,0.05467555348944737,0.2638466919122675
388,131.7663,279.9479,2.4603999070251317,1.7699374162628223
389,346.3486,281.131,23.291785786504583,5.445734361027723
390,213.9908,278.7648,0.459274649311358,0.7647003631472885
391,466.7277,278.7648,1.8699039293391002,1.5429956667762252
392,433.0097,278.6169,2.952479888430158,1.9388692965191177
393,153.2097,278.9127,3.9475749619381006,2.241920727266242
394,108.1045,279.0606,4.275628282874785,2.333216451241564
395,209.85,277.5817,0.05467555348944737,0.2638466919122675
396,312.3349,277.8775,2.668167010285032,1.8431537508989027
397,218.4274,277.2859,0.14215643907256317,0.4254400072465238
398,161.1956,277.5817,4.144406954500111,2.2971336103816347
399,203.343,277.5817,6.0361811052349905,2.7722742437155077
400,427.2422,276.8423,2.329178578650458,1.7220924113089293
401,409.0522,278.6169,40.82076823522141,7.209342297571458
402,262.6453,274.3282,0.5467555348944737,0.8343564995434926
403,343.243,274.0325,0.229637324655679,0.5407248123572632
404,439.9604,276.6944,36.074930192337376,6.777317145777111
405,102.4849,273.8846,2.066735921901111,1.6221744370717894
406,362.4682,273.4409,1.268472840955179,1.2708539579852165
407,220.9414,273.7367,3.368014094949958,2.0708183727492124
408,367.94,272.8494,0.10935110697889475,0.37313557008960435
409,327.2714,272.7015,0.7982630809459317,1.008156794235146
410,292.5182,272.2578,2.733777674472369,1.8656778504480218
411,279.3563,272.1099,0.9404195200184948,1.0942482906216526
412,226.709,272.2578,1.749617711662316,1.4925422803584174
413,388.2003,271.9621,1.7605528223602054,1.4971992098662468
414,331.1164,273.1451,10.978851140681034,3.7388109644746472
415,139.1606,272.4057,6.801638854087254,2.942807427955667
416,68.4711,271.6663,2.9306096670343793,1.9316749514996876
417,177.1672,272.4057,14.77333455284868,4.337048969090539
418,132.2099,272.1099,17.168123795686476,4.675375292484739
419,355.6654,270.779,3.4117545377415164,2.084221867839922
420,437.4463,270.0395,0.3499235423324632,0.667485199634794
421,422.0662,269.7438,0.19683199256201056,0.5006138997260956
422,301.5392,270.6311,4.844254039165038,2.483524875536375
423,361.8766,269.3001,0.1312213283746737,0.40874953749125253
424,472.6431,270.0395,9.076141879248265,3.3994268273174826
425,368.6794,268.8565,1.3559537265382948,1.3139459294276785
426,165.3364,269.5959,6.440780201056901,2.863678761825938
427,278.469,269.3001,4.592746493113579,2.4181948751033175
428,189.8854,270.4832,24.910182169792225,5.631751859336153
429,160.4561,268.7086,1.5965261618918634,1.425749011405925
430,224.7865,268.117,0.4920799814050264,0.7915400757368026
431,67.1402,268.117,0.7654577488522633,0.9872239237694042
432,445.7279,268.117,2.2963732465567896,1.7099219944161121
433,128.217,269.3001,9.885340070892086,3.547732499980079
434,210.8852,268.5607,11.766179110929075,3.8705509342303865
435,229.8146,266.4903,0.05467555348944737,0.2638466919122675
436,355.9612,266.7861,4.013185626125438,2.2604748703636703
437,486.8402,266.1945,4.964540256841822,2.514169639551132
438,201.7163,265.7509,2.066735921901111,1.6221744370717894
439,393.0806,266.3424,9.972820956475202,3.563395854286719
440,232.6244,264.272,0.9841599628100528,1.119406710268813
441,238.6877,263.6805,0.0874808855831158,0.333742599817397
442,263.6805,266.7861,48.486280834441935,7.857140073560233
443,197.7234,263.2368,0.1312213283746737,0.40874953749125253
444,422.8056,264.5678,18.666233961297333,4.875098689339761
445,289.4126,266.4903,51.362214947986864,8.086804262313041
446,142.7098,263.8283,3.3789492056478476,2.0741773666401593
447,295.1801,263.0889,1.2137972874657317,1.243163185464259
448,328.6023,262.7931,0.40459909582191056,0.7177405997744226
449,215.4697,262.941,1.126316401882616,1.1975268609767251
450,461.5517,265.3072,51.07790206984174,8.064391159748672
451,274.1803,264.272,28.93430290661555,6.069620965105521
452,248.5961,269.448,131.64779769189138,12.94678268909348
453,262.3495,261.9058,0.6233013097797001,0.8908489635716798
454,361.5809,261.7579,3.5976514196056373,2.1402504656265102
455,283.645,261.4622,1.4871750549129685,1.3760559908153733
456,236.3216,261.61,5.500360681038406,2.6463704822651968
457,454.0095,261.0185,2.897804334940711,1.9208329110444489
458,91.3934,260.427,2.416659464233574,1.7541340872409605
459,238.9835,259.8354,0.07654577488522632,0.31218761597197575
460,214.2866,260.1312,1.0060301842058317,1.1317762206938546
461,304.2012,262.7931,30.04968419780028,6.185502908207435
462,422.8056,259.6875,0.27337776744723685,0.5899791387542741
463,400.7706,261.61,8.146657469927659,3.2206593188544494
464,156.6111,263.3847,53.60391264105421,8.261393425271507
465,445.8758,261.0185,22.406041819975535,5.341185120006857
466,436.1153,258.8002,0.3061830995409053,0.6243752319439515
467,379.6229,264.272,139.95848182228738,13.349182509698252
468,115.351,259.3918,6.222077987099111,2.8146395406163025
469,294.5886,257.9129,0.29524798884301584,0.6131243062368787
470,284.8281,257.6171,3.5757811982098584,2.1337352283920503
471,158.6815,257.1735,2.0120603684116634,1.6005732808766144
472,268.8565,256.434,1.126316401882616,1.1975268609767251
473,209.2585,256.1383,8.026371252250875,3.196794219071866
474,64.3303,255.6946,6.079921548026548,2.7823005847382536
475,78.8232,257.4692,32.433538329940184,6.4261702107369905
476,103.5201,256.434,17.49617711662316,4.719833110034193
477,482.8473,255.8425,16.621368260792003,4.600324266532338
478,385.5384,253.6242,0.02187022139577895,0.1668712999086985
479,228.4836,258.6523,76.34894289266431,9.859538188458263
480,218.871,253.92,1.4543697228193002,1.3607942694467268
481,335.4051,254.0679,5.708127784298306,2.695888354767331
482,209.9979,253.1806,0.8201333023417107,1.0218738437281314
483,418.9606,254.0679,9.633832524840628,3.502310171584305
484,346.6444,252.8848,0.37179376372824213,0.6880279954076867
485,389.0876,253.3284,3.1055714382006108,1.9885010344772442
486,374.7427,254.2158,12.870625291415912,4.048134025263895
487,446.1716,253.7721,10.738278705327465,3.697621004106618
488,341.1726,252.4411,2.2963732465567896,1.7099219944161121
489,409.348,251.1102,0.06561066418733685,0.2890295697669296
490,183.8221,251.258,0.28431287814512635,0.6016630282241419
491,66.2529,251.4059,7.665512599220522,3.1241052754337826
492,229.6667,249.9271,0.07654577488522632,0.31218761597197575
493,338.8065,250.2228,0.9513546307163844,1.1005918121151994
494,312.7785,253.1806,41.41126421290744,7.261298726353971
495,211.7725,249.9271,1.5746559404960845,1.415949933010258
496,433.7492,249.7792,2.50414034981669,1.785600884563388
497,223.4555,249.0398,1.9901901470158845,1.591850745743115
498,259.9833,249.6313,12.90343062350958,4.053289791342225
499,84.4428,250.2228,19.508237485034822,4.983839826281657
500,323.1306,250.5186,22.996537797661567,5.411109065245273
501,269.0043,250.5186,52.49946646056737,8.175842267013946
502,217.8358,249.6313,21.07195831483302,5.179734608206903
503,459.4813,251.5538,98.76591982333774,11.213950008414347
504,355.5176,246.2299,1.2137972874657317,1.243163185464259
505,431.8267,245.1947,0.20776710325990003,0.5143318889254085
506,284.6802,249.9271,126.24585300713399,12.678375779551004
507,211.181,245.1947,0.7763928595501527,0.9942505172386221
508,451.6434,244.7511,0.07654577488522632,0.31218761597197575
509,206.005,247.8567,35.93277375326481,6.763950657321392
510,375.7779,244.8989,1.2575377302572897,1.2653642823946318
511,296.8069,244.1595,0.15309154977045264,0.4414999605124916
512,265.4551,243.8637,0.02187022139577895,0.1668712999086985
513,122.3016,246.6736,37.45275414027145,6.905528772703594
514,144.9281,244.6032,5.467555348944738,2.638466919122675
515,340.1374,243.568,0.6014310883839211,0.8750804792494901
516,309.0814,243.8637,1.2794079516530685,1.2763200217395714
517,170.6603,251.7017,279.4576889952634,18.86310103639033
518,261.0185,243.2722,6.418909979661122,2.8588126941441474
519,384.9468,241.3497,1.6949421581728685,1.4690362084797153
520,265.7509,240.7581,0.3608586530303527,0.6778344245448961
521,472.9389,241.9412,9.076141879248265,3.3994268273174826
522,444.9885,243.1243,22.745030251610107,5.381437722630222
523,346.3486,244.4553,66.62762948224056,9.21047950047939
524,101.3018,240.4624,0.7326524167585948,0.9658374757498438
525,179.2376,239.5751,0.5030150921029158,0.8002866404383072
526,148.7732,240.6103,6.68135263641047,2.916669742874285
527,273.293,238.8356,1.2137972874657317,1.243163185464259
528,192.991,246.8215,203.45866964493158,16.0950807363969
529,182.7869,238.0962,0.06561066418733685,0.2890295697669296
530,429.1647,238.8356,3.5757811982098584,2.1337352283920503
531,356.5528,238.2441,0.5248853134986948,0.8174990749825051
532,136.4986,240.3145,21.531232964144376,5.2358778878860335
533,87.5484,236.7652,0.2187022139577895,0.527693383824535
534,477.3755,236.1737,0.09841599628100528,0.3539874832525645
535,346.4965,237.061,6.823509075483033,2.9475348324938024
536,180.4207,236.3216,3.1383767702942795,1.9989760904565363
537,95.0906,237.6525,13.187743501654706,4.097701371760873
538,386.7215,236.0258,2.5150754605145793,1.7894953295049871
539,380.0666,238.392,28.868692242428214,6.062735403087357
540,217.9837,235.4343,0.6998470846649264,0.9439666220068387
541,424.2845,235.1385,1.0060301842058317,1.1317762206938546
542,364.9823,235.2864,9.972820956475202,3.563395854286719
543,419.7,234.9906,9.108947211341933,3.405564828392734
544,304.9406,232.9202,0.0437404427915579,0.23599165550170967
545,352.7077,233.3639,1.0060301842058317,1.1317762206938546
546,326.9756,238.392,92.32513962228084,10.842140874397602
547,211.0331,232.9202,1.9683199256201056,1.5830801514736053
548,164.7448,232.7723,1.3559537265382948,1.3139459294276785
549,172.7307,232.4765,0.8091981916438211,1.0150384904667882
550,401.2143,232.7723,3.149311880992169,2.0024555989043824
551,382.5807,231.885,0.7873279702480422,1.0012277994521912
552,242.5328,244.0116,372.5264161450007,21.778782438288015
553,396.334,231.2935,0.12028621767678423,0.3913478874769908
554,308.0462,231.1456,3.2586629879710634,2.036923803005307
555,180.8644,231.4413,3.389884316345737,2.077530929649163
556,145.2239,230.554,1.2466026195594002,1.2598506863090848
557,175.9841,228.4836,0.8529386344353791,1.042110933919961
558,186.484,228.3357,0.5030150921029158,0.8002866404383072
559,189.8854,227.4484,0.06561066418733685,0.2890295697669296
560,465.8404,228.1878,6.943795293159817,2.9734012103644827
561,276.9902,227.3005,0.10935110697889475,0.37313557008960435
562,316.7715,230.4061,41.93614952640613,7.307172088499563
563,228.3357,233.3639,69.7113306990454,9.42121133199627
564,255.8425,227.0048,0.28431287814512635,0.6016630282241419
565,121.5622,232.1808,102.38544146433915,11.417582619695109
566,273.1451,226.5611,0.5686257562902527,0.8508800144930476
567,392.1932,228.04,14.729594110057123,4.330623707830417
568,110.7665,226.1174,0.16402666046834213,0.45699587580101975
569,262.6453,232.1808,87.78706868265671,10.572320812534034
570,448.3899,228.1878,24.144724420939962,5.544548487431015
571,331.5601,226.709,3.663262083792974,2.1596782509934553
572,459.1855,226.1174,3.368014094949958,2.0708183727492124
573,201.5684,228.1878,30.946363275027213,6.277111874700387
574,427.2422,226.4132,7.3702646103775065,3.063349858748546
575,134.8719,226.2653,9.611962303444848,3.4983325324002097
576,298.5815,229.8146,63.46738249055051,8.989392704059656
577,227.8921,223.8992,0.7873279702480422,1.0012277994521912
578,241.6455,223.6034,1.7824230437559845,1.506469881795628
579,94.0554,223.0118,0.4702097600092474,0.7737503866003586
580,519.3751,223.6034,2.6025563460976953,1.820350970899029
581,273.1451,223.0118,0.5248853134986948,0.8174990749825051
582,454.749,223.1597,2.4713350177230216,1.7738662499900395
583,208.519,223.8992,8.212268134114996,3.233602409128813
584,409.6438,226.5611,71.29692175023938,9.527752105837624
585,352.5598,224.9344,24.308751081408303,5.563349994380427
586,478.4107,224.4907,22.821576026495336,5.390485420638277
587,161.3435,223.4555,14.729594110057123,4.330623707830417
588,491.5725,226.4132,43.31397347434021,7.426241570750298
589,308.4899,223.0118,11.274099129524048,3.7887503009533754
590,417.3338,222.1245,5.325398909872174,2.6039409523909676
591,233.8075,221.8288,6.233013097797,2.817111776086877
592,375.63,221.6809,4.439654943343127,2.377550049703143
593,402.1016,220.202,0.0437404427915579,0.23599165550170967
594,340.8769,223.8992,52.3682451321927,8.165618200154379
595,443.3617,219.6105,0.3061830995409053,0.6243752319439515
596,78.971,220.202,2.416659464233574,1.7541340872409605
597,256.8777,219.9062,1.377823947934074,1.3244998815374749
598,299.0252,218.7232,0.02187022139577895,0.1668712999086985
599,217.9837,219.4626,4.406849611249458,2.3687497108693414
600,196.3924,219.0189,2.558815903306137,1.8049890846724255
601,298.4336,218.1316,0.20776710325990003,0.5143318889254085
602,462.439,219.0189,7.08595173223238,3.0036833983565736
603,244.7511,217.5401,1.1591217339762843,1.2148414007024113
604,88.14,219.7584,24.691479955834435,5.6069750042071735
605,113.2806,216.5049,0.3608586530303527,0.6778344245448961
606,337.0318,216.357,0.4483395386134685,0.75554194458745
607,157.0548,217.5401,10.355549830901333,3.631128688463011
608,417.4817,215.7654,0.16402666046834213,0.45699587580101975
609,203.343,215.9133,0.6123661990818106,0.8829999210249831
610,229.2231,215.6176,0.645171531175479,0.9063431505947153
611,437.0027,215.7654,1.5527857191003054,1.4060825658753242
612,284.0887,219.7584,76.80821754197568,9.889148595054301
613,407.8691,215.9133,6.561066418733685,2.8902956976692957
614,446.4673,215.3218,2.1542168074842265,1.6561503637115962
615,71.5767,217.0964,22.777835583703776,5.385317168806995
616,262.0537,214.7302,1.8152283758496528,1.5202698940836659
617,164.3012,214.7302,1.3668888372361845,1.3192334595613375
618,252.4411,216.6528,17.988257098028186,4.785745530016453
619,223.6034,213.2514,1.541850608402416,1.401122823556852
620,110.0271,213.5472,5.358204241965843,2.6119489906272304
621,90.0625,212.512,0.19683199256201056,0.5006138997260956
622,362.1724,216.8006,102.30889568945393,11.413313794424369
623,241.2018,211.4767,3.4664300912309636,2.1008559853581543
624,280.2437,210.8852,2.3619839107441267,1.7341774186015775
625,369.5667,210.4415,0.3171182102387948,0.6354269789926082
626,361.7288,209.9979,0.03280533209366843,0.20437476874562627
627,235.5821,211.0331,5.981505551745543,2.759690092299377
628,296.0674,212.0683,22.843446247891112,5.393067689251364
629,198.167,211.6246,21.148504089718244,5.18913400472782
630,427.0943,216.8006,155.49727412398835,14.070724164490814
631,461.9954,209.5542,0.7217173060607054,0.9586026362347543
632,215.6176,209.4063,0.5030150921029158,0.8002866404383072
633,126.886,216.5049,166.49799548606515,14.559939284625976
634,60.7811,209.2585,0.06561066418733685,0.2890295697669296
635,388.7919,211.7725,36.402983513274066,6.8080627314561895
636,336.7361,210.8852,18.93961172874457,4.910668245256188
637,394.2636,208.6669,0.15309154977045264,0.4414999605124916
638,96.2737,209.1106,1.0716408483931685,1.1680990993608895
639,350.0458,208.2233,0.5686257562902527,0.8508800144930476
640,262.0537,208.6669,4.17721228659378,2.306207247851934
641,160.3082,208.0754,1.6621368260792002,1.4547502657585698
642,72.6119,208.8148,5.522230902434185,2.6516264367624918
643,235.73,206.7444,0.09841599628100528,0.3539874832525645
644,181.7517,207.1881,1.0169652949037211,1.1379105540835248
645,342.9473,207.4838,2.7447127851702584,1.8694054822373236
646,378.1441,206.7444,1.4543697228193002,1.3607942694467268
647,210.2937,206.1529,0.4483395386134685,0.75554194458745
648,313.6659,206.7444,11.547476896971286,3.834410544939017
649,246.3778,206.4486,7.774863706199417,3.1463095724450394
650,258.8002,204.9698,0.27337776744723685,0.5899791387542741
651,228.7794,205.4134,2.9852852205238265,1.9496110368697566
652,87.4005,205.7092,5.806543780579311,2.719029451784146
653,270.0395,205.5613,5.106696695914385,2.549911405560317
654,475.3051,210.1458,86.13586696727539,10.472420543636618
655,277.8775,204.5261,0.3936639851240211,0.707974966505129
656,338.8065,203.7867,0.24057243535356845,0.5534494900760203
657,196.0966,203.9346,0.7545226381543738,0.9801469585200215
658,117.865,204.674,3.247727877273174,2.033503273634688
659,208.0754,203.7867,2.9634149991280476,1.942456476822878
660,99.3793,203.4909,5.467555348944738,2.638466919122675
661,202.8994,203.4909,5.106696695914385,2.549911405560317
662,374.2991,203.7867,6.67041752571258,2.914281965361577
663,327.1235,204.0825,16.64323848218778,4.603349800740707
664,254.2158,205.4134,31.394702813640684,6.322418612962574
665,403.2847,200.6811,0.3608586530303527,0.6778344245448961
666,451.6434,206.7444,156.42675853330894,14.112715359538274
667,289.8562,201.8642,9.043336547154595,3.3932777234093257
668,258.9481,200.5332,1.7386826009644265,1.4878707750644526
669,334.5178,203.0473,34.40185825556029,6.61829331046556
670,173.618,202.7515,27.523673626587808,5.919816692918444
671,411.8621,199.9417,0.16402666046834213,0.45699587580101975
672,92.5765,200.2374,2.2963732465567896,1.7099219944161121
673,83.1118,201.2726,10.585187155557012,3.6711685979913677
674,367.4963,200.2374,3.8272887442613164,2.207499802562458
675,419.1085,204.2303,65.79656106920098,9.152856573818296
676,282.0183,200.2374,5.861219334068759,2.731800914507249
677,263.2368,199.7938,2.1323465860884476,1.6477220628761495
678,395.8904,198.6107,0.24057243535356845,0.5534494900760203
679,127.3297,199.3501,3.368014094949958,2.0708183727492124
680,486.2486,198.4628,1.6512017153813108,1.44995700638261
681,137.2381,199.6459,14.335930124933101,4.272361542007526
682,243.1243,197.4276,3.5211056447204108,2.117359428167128
683,61.6684,201.1247,15.320090087743154,4.416576109229838
684,286.1591,195.653,2.4932052391188004,1.7816979271433595
685,186.484,196.5403,12.214518649542544,3.9436034491950003
686,371.0456,195.0614,1.1372515125805054,1.2033260564482837
687,211.3289,194.0262,0.12028621767678423,0.3913478874769908
688,468.3545,193.7304,0.03280533209366843,0.20437476874562627
689,361.8766,193.8783,0.4920799814050264,0.7915400757368026
690,417.186,193.7304,0.1312213283746737,0.40874953749125253
691,472.6431,192.991,0.0437404427915579,0.23599165550170967
692,128.6607,192.6952,0.10935110697889475,0.37313557008960435
693,359.5105,192.3995,0.41553420651980005,0.7273751328792849
694,220.202,193.5826,31.25254637456812,6.30808829343484
695,243.2722,191.8079,6.156467322911775,2.799760284631721
696,316.9194,189.8854,2.0448657005053317,1.613568676429968
697,239.4272,189.146,1.312213283746737,1.2925795310127453
698,420.8831,188.2587,0.06561066418733685,0.2890295697669296
699,83.4076,192.2516,44.954240079023634,7.5655479756678075
700,451.9391,191.8079,63.70795492590408,9.006413688359334
701,126.5903,187.815,0.09841599628100528,0.3539874832525645
702,179.2376,187.5192,0.14215643907256317,0.4254400072465238
703,168.7377,188.7023,10.071236952756207,3.580935234355302
704,112.0975,190.9206,38.458784324477286,6.997659969187219
705,182.4911,187.3714,1.8808390400369897,1.547500773200717
706,476.0445,187.3714,4.7786433749777,2.4666490863534496
707,458.4461,186.6319,3.0946363275027213,1.984997065174269
708,399.7354,185.7446,1.104446180486837,1.1858433927072958
709,75.7175,187.815,20.0549930199293,5.053198015352421
710,522.037,185.301,0.29524798884301584,0.6131243062368787
711,321.5038,186.1883,6.189272655005443,2.8072097708402417
712,379.3272,185.0052,0.645171531175479,0.9063431505947153
713,243.8637,186.484,17.004097135218135,4.652987093800887
714,430.052,184.4136,0.18589688186412107,0.486509261198962
715,161.6392,184.1179,1.6402666046834213,1.4451478488346479
716,248.4482,183.0827,0.03280533209366843,0.20437476874562627
717,335.9966,182.9348,0.0437404427915579,0.23599165550170967
718,254.2158,183.0827,0.15309154977045264,0.4414999605124916
719,454.3053,183.5263,3.171182102387948,2.009396540336607
720,357.588,186.3362,43.09527126038242,7.407469443730946
721,245.0468,182.4911,0.10935110697889475,0.37313557008960435
722,388.7919,191.0685,261.7974852181719,18.25735224209676
723,337.0318,182.1954,0.29524798884301584,0.6131243062368787
724,438.0379,181.7517,0.06561066418733685,0.2890295697669296
725,217.2443,183.3784,20.076863241325075,5.0559525524964
726,462.1432,182.4911,6.0471162159328795,2.774784225437178
727,405.503,183.8221,22.952797354870007,5.405960530240036
728,344.8698,187.3714,96.50235190887462,11.084701647330341
729,119.6396,182.639,10.880435144400028,3.722015621914604
730,250.6665,182.0475,6.134597101515996,2.7947829290783703
731,196.2445,187.815,200.09065554998162,15.961307439499398
732,418.0733,180.8644,2.001125257713774,1.5962179713590248
733,65.9571,182.639,19.617588592013718,4.9977884676822075
734,365.4259,180.125,1.0169652949037211,1.1379105540835248
735,325.6446,180.4207,1.8480337079433213,1.5339457607611129
736,262.4974,187.6671,140.18811914694308,13.360129378113543
737,355.3697,180.125,2.9852852205238265,1.9496110368697566
738,472.791,179.9771,5.0520211424249375,2.536224181608074
739,107.3651,179.0898,0.42646931721768955,0.7368837081234506
740,336.4403,179.2376,1.891774150734879,1.5519928023104446
741,132.2099,178.4982,0.10935110697889475,0.37313557008960435
742,246.3778,178.2024,0.0437404427915579,0.23599165550170967
743,345.3134,178.4982,1.290343062350958,1.2817627757350067
744,409.2001,178.0546,0.9950950735079422,1.1256084569518194
745,458.0024,177.9067,1.6949421581728685,1.4690362084797153
746,384.9468,177.7588,0.3061830995409053,0.6243752319439515
747,380.6581,177.1672,0.7107821953628158,0.9513127765512304
748,238.0962,176.7236,0.24057243535356845,0.5534494900760203
749,453.8616,175.6884,0.7763928595501527,0.9942505172386221
750,442.1787,175.3926,0.9950950735079422,1.1256084569518194
751,248.0046,176.132,5.259788245684837,2.587850534968958
752,326.9756,175.9841,6.189272655005443,2.8072097708402417
753,251.7017,175.0968,0.7435875274564843,0.973018522397924
754,107.513,174.9489,3.061830995409053,1.9744478475388083
755,360.9893,174.3574,2.6353616781913636,1.8317878434340769
756,395.4467,175.6884,22.734095140912217,5.380143952273112
757,425.6154,177.463,53.12276777034707,8.224233012931265
758,112.5411,174.0616,2.6900372316808108,1.8506922435094153
759,350.1937,172.5828,0.1749617711662316,0.47198331100341934
760,201.2726,174.6532,16.68697892497934,4.609394911422317
761,258.2087,173.1743,2.7119074530765896,1.8582001536215444
762,154.9844,174.2095,20.0549930199293,5.053198015352421
763,414.9677,173.1743,13.668888372361844,4.171782497717463
764,280.0958,175.3926,73.22150123306793,9.655491230114425
765,192.1037,170.3645,0.07654577488522632,0.31218761597197575
766,422.2141,170.0687,0.15309154977045264,0.4414999605124916
767,190.0333,169.7729,0.05467555348944737,0.2638466919122675
768,363.5034,170.5124,7.676447709918412,3.126332801759883
769,311.7433,173.4701,62.16610431750166,8.896760217021388
770,333.1868,173.1743,43.33584369573599,7.428116174231059
771,407.5734,167.9983,0.5795608669881421,0.8590225925028389
772,300.504,167.4068,0.02187022139577895,0.1668712999086985
773,413.7846,167.5547,0.6233013097797001,0.8908489635716798
774,430.3478,169.1814,17.135318463592807,4.670906237495775
775,346.6444,168.2941,8.201333023417106,3.231448827531863
776,301.3913,166.8152,0.3061830995409053,0.6243752319439515
777,242.3849,168.5899,14.467151453307775,4.291870143658151
778,273.7367,166.2237,0.3827288744261316,0.6980727310469369
779,402.1016,168.5899,25.292911044218357,5.674851059099926
780,213.8429,165.6321,0.03280533209366843,0.20437476874562627
781,78.6753,166.6673,6.386104647567453,2.85149802281185
782,69.95,165.9279,0.5139502028008053,0.808938639348277
783,440.2561,168.5899,31.011973939214553,6.283762533681892
784,332.0037,165.3364,0.918549298622716,1.0814496247145264
785,308.6377,165.78,1.9027092614327688,1.5564718673300961
786,482.5515,166.3716,6.626677082921022,2.9047112269837254
787,394.4115,165.6321,7.91702014527198,3.174943011366536
788,220.3499,169.3293,101.41221661222698,11.363188131415214
789,231.4413,162.9702,1.268472840955179,1.2708539579852165
790,347.8275,162.3787,0.18589688186412107,0.486509261198962
791,341.7642,162.5265,0.3389884316345737,0.6569729647138393
792,206.1529,164.0054,24.73522039862599,5.6119391264758445
793,440.1083,161.4913,0.0874808855831158,0.333742599817397
794,142.5619,165.3364,54.074122401063455,8.297548492650314
795,115.4988,163.4139,22.176404495319854,5.313743987386283
796,380.6581,161.0477,1.4543697228193002,1.3607942694467268
797,377.4047,161.1956,2.1760870288800054,1.6645359887834419
798,240.0187,162.5265,19.453561931545376,4.9768508453838685
799,409.2001,160.4561,0.667041752571258,0.9215768754494513
800,323.7221,161.0477,3.0180905526174953,1.960293917040043
801,189.5896,164.0054,63.13932916961383,8.96613019796181
802,134.8719,161.935,14.029747025392197,4.2264913007552565
803,335.4051,160.3082,2.0120603684116634,1.6005732808766144
804,466.5798,166.8152,193.50771890985214,15.696549937088722
805,150.8436,159.5688,3.1602469916900584,2.005929071764532
806,201.5684,158.9773,0.8091981916438211,1.0150384904667882
807,169.4772,159.1252,1.498110165610858,1.3811057545407186
808,403.4326,158.3857,0.7982630809459317,1.008156794235146
809,216.5049,157.7942,0.10935110697889475,0.37313557008960435
810,435.9675,158.3857,4.5490060503220215,2.4066521128965674
811,407.7213,157.6463,1.6949421581728685,1.4690362084797153
812,355.6654,157.0548,0.05467555348944737,0.2638466919122675
813,325.6446,157.6463,3.7944834121676476,2.1980187288131696
814,275.8071,156.6111,2.4713350177230216,1.7738662499900395
815,264.7157,160.3082,66.32144638269966,9.189292040113102
816,254.2158,156.0196,1.7824230437559845,1.506469881795628
817,369.4188,159.1252,47.72082308558967,7.794872613448114
818,362.0245,156.4632,8.365359683885448,3.2636033391722394
819,232.1808,155.7238,1.268472840955179,1.2708539579852165
820,224.3428,155.1322,0.02187022139577895,0.1668712999086985
821,272.1099,154.5407,0.03280533209366843,0.20437476874562627
822,355.2218,154.3928,0.32805332093668427,0.6462897655063726
823,348.8627,155.7238,32.37886277645074,6.420751396879531
824,179.8292,152.4703,0.5248853134986948,0.8174990749825051
825,427.3901,151.4351,0.09841599628100528,0.3539874832525645
826,289.4126,154.097,37.638651022135576,6.9226453680561715
827,225.9696,150.8436,0.4811448707071369,0.7826957749539816
828,310.856,156.9069,170.41276511590956,14.73011444196008
829,377.5525,150.3999,3.0290256633153847,1.9638419632319717
830,189.4418,150.252,1.8480337079433213,1.5339457607611129
831,89.4709,152.6182,37.14657104073055,6.877243866577086
832,164.4491,149.8084,0.8420035237374895,1.0354091863746062
833,160.3082,150.8436,11.86459510721008,3.886704474586562
834,143.3014,149.2168,2.558815903306137,1.8049890846724255
835,360.5457,149.0689,2.91967455633649,1.9280677122146697
836,314.849,148.4774,0.05467555348944737,0.2638466919122675
837,382.2849,150.252,15.549727412398834,4.449553668776068
838,432.714,148.7732,4.702097600092475,2.4468135620929607
839,474.7135,148.0337,4.636486935905137,2.4296828014048226
840,399.8833,148.4774,11.05539691556626,3.7518220287804307
841,200.0895,146.7028,0.0874808855831158,0.333742599817397
842,413.7846,147.1464,2.4932052391188004,1.7816979271433595
843,315.1447,146.2591,0.03280533209366843,0.20437476874562627
844,211.3289,148.1816,14.434346121214107,4.287001316062827
845,110.9144,146.7028,2.624426567493474,1.827983503204079
846,404.9114,146.5549,1.6512017153813108,1.44995700638261
847,456.2278,146.9985,9.196428096925048,3.42187900477479
848,273.5888,147.2943,24.122854199544182,5.542036800558107
849,196.8361,145.3718,3.783548301469758,2.1948492697328565
850,204.8219,143.5971,1.6621368260792002,1.4547502657585698
851,85.7738,143.8929,1.8042932651517634,1.5156838507718393
852,315.7363,143.3014,1.8261634865475422,1.5248421446903184
853,193.8783,143.5971,4.516200718228353,2.3979585789603797
854,278.469,142.5619,0.32805332093668427,0.6462897655063726
855,200.0895,143.0056,2.340113689348348,1.7261301481795666
856,172.287,146.8506,68.9896133929847,9.372315826301348
857,163.5617,144.6324,19.103638389212914,4.931886844349394
858,404.7635,143.1535,2.8649990028470422,1.9099293248839506
859,339.5459,141.9704,0.7217173060607054,0.9586026362347543
860,81.633,141.5267,0.02187022139577895,0.1668712999086985
861,259.8354,143.5971,15.83404029054396,4.490047466436231
862,445.8758,142.5619,8.409100126677007,3.2721245112193746
863,105.8863,140.7873,0.09841599628100528,0.3539874832525645
864,389.6792,144.9281,58.56845289789603,8.635489001994037
865,402.5453,140.6394,0.19683199256201056,0.5006138997260956
866,288.821,142.7098,19.38795126735804,4.9684510911347886
867,249.6313,141.0831,3.54297586611619,2.123924899515387
868,226.8569,139.7521,0.5139502028008053,0.808938639348277
869,371.6371,143.745,97.58492786796567,11.146703061067981
870,395.151,139.1606,2.2416976930673425,1.6894431479499177
871,160.0125,138.569,0.3827288744261316,0.6980727310469369
872,498.9668,138.569,0.5358204241965843,0.8259707942559839
873,195.3572,138.2733,2.0339305898074422,1.609248538352404
874,301.2435,142.5619,81.73995246672382,10.201692990156353
875,138.2733,137.8296,0.8201333023417107,1.0218738437281314
876,128.8086,138.569,6.5391961973379065,2.88547451716913
877,442.9181,136.9423,0.18589688186412107,0.486509261198962
878,461.9954,138.8648,25.686575029342375,5.718842810933475
879,238.8356,142.5619,158.8434179975425,14.221312218475768
880,198.6107,135.7592,0.9294844093206054,1.0878677797240799
881,291.7788,135.6113,2.252632803765232,1.6935587280993645
882,276.1029,135.6113,0.5904959776860317,0.8670887093007887
883,378.8835,134.4282,0.2187022139577895,0.527693383824535
884,135.1677,135.3155,7.348394388981728,3.058801452589154
885,94.6469,133.8367,3.3461438735541793,2.0640839862230598
886,241.0539,132.5057,0.03280533209366843,0.20437476874562627
887,215.026,132.0621,0.06561066418733685,0.2890295697669296
888,403.4326,132.3578,0.7873279702480422,1.0012277994521912
889,313.8138,132.5057,0.918549298622716,1.0814496247145264
890,153.5055,135.0198,40.80983312452352,7.208376609763553
891,157.6463,131.0269,0.0437404427915579,0.23599165550170967
892,110.4707,131.4705,1.5637208297981948,1.4110248748428018
893,183.2306,132.0621,9.918145402985754,3.553614348450705
894,437.7421,133.393,33.0349694183241,6.485478349553485
895,355.9612,131.1747,1.268472840955179,1.2708539579852165
896,449.7208,131.3226,3.4883003126267424,2.107472870987525
897,331.2643,134.724,135.21264377940335,13.12090259883539
898,120.8227,133.8367,47.34902932186143,7.7644482442359495
899,389.6792,131.0269,17.583658002206274,4.731617980089677
900,85.9217,130.5832,20.02218768783563,5.0490633919828944
901,425.0239,135.7592,156.7985522970372,14.129476895547556
902,160.1604,128.9565,1.7605528223602054,1.4971992098662468
903,192.3995,129.8438,14.17190346446476,4.247849799030774
904,413.7846,127.3297,3.7179376372824215,2.1757355594481598
905,248.4482,127.0339,1.334083505142516,1.3033065160300348
906,185.8925,127.0339,3.5101705340225213,2.1140690463373275
907,389.6792,125.8508,0.09841599628100528,0.3539874832525645
908,365.4259,129.1043,34.062869823925716,6.585604973500027
909,281.7225,125.8508,11.68963333604385,3.8579403088831548
910,251.8496,123.041,0.2187022139577895,0.527693383824535
911,316.032,126.4424,51.70120337962144,8.11344665683637
912,438.9252,124.372,12.837819959322244,4.04297168434302
913,245.1947,123.9283,3.061830995409053,1.9744478475388083
914,198.0191,122.0058,0.9294844093206054,1.0878677797240799
915,400.1791,125.9987,67.5352436701654,9.273000749713098
916,207.1881,122.1537,2.0448657005053317,1.613568676429968
917,272.8494,121.2664,3.149311880992169,2.0024555989043824
918,462.5869,121.4143,5.270723356382727,2.5905392115746353
919,359.8062,119.7875,0.5467555348944737,0.8343564995434926
920,157.3505,119.7875,0.6123661990818106,0.8829999210249831
921,408.9043,119.9354,2.5150754605145793,1.7894953295049871
922,366.4611,119.6396,6.5391961973379065,2.88547451716913
923,296.2153,124.0762,126.91289475970525,12.711825846229516
924,396.9256,117.7171,0.2187022139577895,0.527693383824535
925,440.6998,118.3087,6.68135263641047,2.916669742874285
926,253.7721,117.1256,2.854063892149153,1.9062809369778249
927,374.8906,118.6044,30.804206835954652,6.2626778847182205
928,402.3974,117.5692,19.267665049681256,4.953014544291766
929,265.7509,117.1256,9.950950735079422,3.559486477515339
930,298.5815,115.351,0.5139502028008053,0.808938639348277
931,324.6094,115.0552,1.6949421581728685,1.4690362084797153
932,199.7938,114.6115,0.4920799814050264,0.7915400757368026
933,252.8848,114.4636,0.07654577488522632,0.31218761597197575
934,219.1668,121.71,158.47162423381428,14.20465904880872
935,210.4415,114.02,0.07654577488522632,0.31218761597197575
936,301.5392,114.1679,2.996220331221716,1.9531784891430113
937,239.8708,117.865,90.03970148642193,10.70710551590213
938,230.9977,113.8721,2.482270128420911,1.7777864011799434
939,368.2357,113.2806,0.5576906455923633,0.8426587587494001
940,140.0479,120.3791,190.948903006546,15.592424260894564
941,291.0393,113.5763,4.855189149862927,2.486326370928518
942,167.2589,120.527,217.4337411168343,16.638666940282846
943,105.1468,111.5059,0.0874808855831158,0.333742599817397
944,435.6717,111.0623,2.8431287814512634,1.9026255531024607
945,312.7785,112.0975,13.668888372361844,4.171782497717463
946,215.4697,111.9496,7.414005053169064,3.072426470814424
947,324.1658,110.9144,4.035055847521217,2.2666258337623506
948,448.5377,111.358,17.539917559414718,4.725729218654141
949,97.6047,109.5834,0.37179376372824213,0.6880279954076867
950,364.5386,110.175,5.500360681038406,2.6463704822651968
951,294.4407,108.844,0.2187022139577895,0.527693383824535
952,213.2514,108.844,1.684007047474979,1.4642897139766597
953,425.0239,115.2031,125.75377302572896,12.653642823946317
954,158.6815,108.844,2.7993883386597056,1.8879332440136773
955,371.1935,107.9567,2.022995479109553,1.604916771307079
956,406.5382,107.2172,0.5030150921029158,0.8002866404383072
957,126.1466,106.9215,0.7763928595501527,0.9942505172386221
958,352.7077,107.3651,2.0120603684116634,1.6005732808766144
959,204.2303,107.3651,6.331429094078006,2.8392650276553693
960,188.2587,111.9496,99.97971711080346,11.28264727344207
961,145.2239,106.3299,0.16402666046834213,0.45699587580101975
962,165.3364,106.9215,4.756773153581921,2.460998107369262
963,229.9625,107.2172,9.087076989946153,3.401474058353586
964,101.7455,106.4778,7.599901935033185,3.1107066206560745
965,384.9468,106.0341,3.728872747980311,2.178932821363203
966,376.961,105.4426,1.5309154977045265,1.3961454620938738
967,175.0968,107.0693,29.830981983842488,6.162952694943427
968,116.2383,108.6961,64.6265042245268,9.071109128252266
969,239.8708,104.4074,0.8310684130396001,1.028663777850817
970,204.2303,103.668,0.5686257562902527,0.8508800144930476
971,155.5759,103.668,0.874808855831158,1.05538676764907
972,332.2995,109.2876,107.07660395373374,11.676222268775089
973,280.2437,104.8511,19.486367263639046,4.981045410684183
974,198.3149,103.2243,2.143281696786337,1.6519415885119677
975,383.6159,101.3018,0.6123661990818106,0.8829999210249831
976,400.9185,101.006,0.5030150921029158,0.8002866404383072
977,415.5592,102.337,23.57609866464971,5.478870424677871
978,162.5265,100.7103,2.580686124701916,1.8126863011894305
979,443.3617,101.8933,35.93277375326481,6.763950657321392
980,359.6584,101.3018,27.9501429438055,5.9655031034317325
981,302.1308,98.0483,0.09841599628100528,0.3539874832525645
982,109.5834,99.9708,18.874001064557234,4.9021550896282164
983,250.3707,97.9004,2.0339305898074422,1.609248538352404
984,346.4965,97.4568,4.111601622406442,2.2880239897879426
985,316.032,98.3441,8.070111695042433,3.2054929949319404
986,255.9904,98.9356,10.235263613224548,3.609978169344851
987,160.4561,96.1258,0.1749617711662316,0.47198331100341934
988,240.4624,98.492,25.80686124701916,5.732217395144587
989,367.7921,96.1258,2.875934113544932,1.9135707568360971
990,191.3643,95.83,1.8152283758496528,1.5202698940836659
991,130.2874,99.0835,51.340344726591084,8.08508238339172
992,210.2937,95.3864,0.7326524167585948,0.9658374757498438
993,338.3628,94.3512,0.6233013097797001,0.8908489635716798
994,330.377,96.7173,31.186935710380784,6.3014633082776905
995,312.7785,94.0554,1.6621368260792002,1.4547502657585698
996,270.0395,102.337,171.26570375034495,14.766931525264024
997,275.3634,93.1681,0.5030150921029158,0.8002866404383072
998,187.815,93.0202,3.1602469916900584,2.005929071764532
999,206.8923,93.4639,6.812573964785143,2.945172078741352
1000,137.8296,92.8723,8.157592580625549,3.222820110321179
1001,289.7084,91.985,0.896679077226937,1.0684976649773132
1002,392.6369,91.5413,5.073891363820716,2.541707915970433
1003,404.4678,91.985,6.7032228578062485,2.9214394431053274
1004,286.8985,91.2456,3.455494980533074,2.0975397149633594
1005,236.9131,91.3934,3.7398078586782004,2.182125398637855
1006,374.7427,92.1329,27.96107805450339,5.966669950015691
1007,199.9417,90.2104,3.54297586611619,2.123924899515387
1008,192.1037,88.4357,0.8638737451332685,1.0487698574816797
1009,260.7227,87.9921,0.06561066418733685,0.2890295697669296
1010,337.3276,87.6963,0.32805332093668427,0.6462897655063726
1011,224.047,87.1048,1.0388355162995002,1.1500810666330845
1012,414.6719,87.2526,4.559941161019911,2.409542987347626
1013,370.3061,86.9569,1.684007047474979,1.4642897139766597
1014,289.1168,86.2174,4.111601622406442,2.2880239897879426
1015,373.4117,85.6259,1.126316401882616,1.1975268609767251
1016,255.3988,85.7738,6.725093079202027,2.9262013687483615
1017,356.1091,84.8865,3.4664300912309636,2.1008559853581543
1018,331.2643,85.0344,6.65948241501469,2.911892229850742
1019,138.4211,84.147,0.7107821953628158,0.9513127765512304
1020,116.3862,83.5555,0.0437404427915579,0.23599165550170967
1021,287.638,82.964,0.2187022139577895,0.527693383824535
1022,234.8427,83.1118,3.4336247591372953,2.090891394863768
1023,240.1666,82.5203,1.476239944215079,1.370987627403059
1024,336.5882,81.4851,2.6025563460976953,1.820350970899029
1025,271.2226,82.3724,13.668888372361844,4.171782497717463
1026,135.3155,80.7457,0.07654577488522632,0.31218761597197575
1027,409.6438,83.2597,21.6077787390296,5.245176676187389
1028,185.1531,80.8936,11.088202247659927,3.7573844069700844
1029,216.357,81.4851,18.78652017897412,4.8907811645825
1030,173.3222,84.4428,105.92841733045535,11.613451246565136
1031,273.1451,77.9358,0.2515075460514579,0.5658881103469273
1032,126.4424,83.5555,104.72555515368751,11.547325152000278
1033,148.6253,77.3443,0.3061830995409053,0.6243752319439515
1034,215.9133,76.7528,0.10935110697889475,0.37313557008960435
1035,163.4139,78.0837,8.387229905281227,3.267866702634826
1036,358.0316,78.5274,19.97844724504407,5.043545288266516
1037,301.0956,80.8936,75.99901935033185,9.836918053838577
1038,230.7019,77.788,13.767304368642849,4.186773978442261
1039,251.4059,75.2739,2.187022139577895,1.6687129990869851
1040,211.3289,75.7175,5.325398909872174,2.6039409523909676
1041,245.3426,74.5345,1.2794079516530685,1.2763200217395714
1042,373.7075,77.4922,49.000231037242735,7.898672790904604
1043,215.7654,73.3514,0.4920799814050264,0.7915400757368026
1044,154.9844,73.3514,2.0339305898074422,1.609248538352404
1045,321.6517,73.9429,7.556161492241627,3.1017420296225633
1046,313.518,77.788,52.14954291823491,8.148549581573413
1047,175.3926,72.7598,0.4811448707071369,0.7826957749539816
1048,250.8144,72.3162,0.6779768632691474,0.9291000768107722
1049,379.6229,72.7598,7.3811997210753955,3.065621531184394
1050,238.8356,73.9429,23.663579550232825,5.489025892937904
1051,215.6176,70.3937,0.3936639851240211,0.707974966505129
1052,276.3986,69.6542,0.27337776744723685,0.5899791387542741
1053,293.997,69.6542,0.4483395386134685,0.75554194458745
1054,201.7163,69.95,3.149311880992169,2.0024555989043824
1055,197.2797,69.6542,0.4811448707071369,0.7826957749539816
1056,280.5394,70.8373,12.761274184437017,4.030900511403522
1057,245.6384,69.0627,3.5539109768140795,2.1272000362326193
1058,303.4617,69.5063,11.602152450460734,3.8434775014266154
1059,348.1233,70.0979,19.923771691554624,5.036639157013567
1060,184.2658,69.5063,26.441097667496752,5.802228119995071
1061,297.99,66.5486,0.229637324655679,0.5407248123572632
1062,354.926,64.9219,0.06561066418733685,0.2890295697669296
1063,349.6021,63.7388,0.3389884316345737,0.6569729647138393
1064,239.7229,63.5909,0.03280533209366843,0.20437476874562627
1065,250.6665,62.9994,0.1312213283746737,0.40874953749125253
1066,185.301,61.9642,1.0388355162995002,1.1500810666330845
1067,201.4205,61.9642,6.407974868963232,2.8563765516530046
1068,338.6586,59.4501,0.05467555348944737,0.2638466919122675
1069,286.0112,59.1543,0.874808855831158,1.05538676764907
1070,266.4903,60.0417,24.057243535356847,5.534494900760203
1071,383.1722,60.0417,13.493926601195612,4.144997100408636
1072,361.5809,60.3374,20.40491656226176,5.097091982110304
1073,356.4049,56.6403,8.190397912719217,3.2292938097346364
1074,239.1314,55.3093,0.6123661990818106,0.8829999210249831
1075,325.7925,60.1895,105.31605113137353,11.579834238702
1076,255.5467,57.2318,30.2355810796644,6.204606150971632
1077,160.7519,54.7178,2.2198274716715636,1.6811817627555057
1078,329.046,51.9079,0.3061830995409053,0.6243752319439515
1079,335.8487,52.0558,1.4543697228193002,1.3607942694467268
1080,279.8,53.8304,20.787645436687892,5.144672216179032
1081,309.6729,50.4291,0.19683199256201056,0.5006138997260956
1082,318.1024,52.0558,33.70201117089536,6.550628470604189
1083,191.0685,50.2812,5.8830895554645375,2.736892812522233
1084,155.7238,51.3164,18.349115751058537,4.833510089486788
1085,299.4688,55.753,170.270608676837,14.723969311074885
1086,256.2862,46.8798,2.143281696786337,1.6519415885119677
1087,362.9118,49.5418,47.55679642512133,7.781464761173457
1088,312.9264,46.4362,0.7326524167585948,0.9658374757498438
1089,286.6028,45.6967,0.6998470846649264,0.9439666220068387
1090,277.7296,45.5488,6.440780201056901,2.863678761825938
1091,212.3641,53.8304,259.3370853111468,18.171357473631645
1092,327.2714,46.2883,26.03649857167484,5.757664421264667
1093,317.2151,44.07,0.9076141879248264,1.0749931513403146
1094,223.4555,43.6263,1.0716408483931685,1.1680990993608895
1095,342.9473,43.7742,21.22504986460347,5.1985164063017875
1096,173.0264,40.9644,0.03280533209366843,0.20437476874562627
1097,284.0887,41.1123,0.16402666046834213,0.45699587580101975
1098,186.0404,39.0419,0.3061830995409053,0.6243752319439515
1099,256.1383,38.5982,23.991632871169507,5.526942709522239
1100,199.498,39.6334,53.592977530356315,8.260550726903908
1101,309.0814,35.7884,2.4713350177230216,1.7738662499900395
1102,233.6596,36.6757,9.59009208204907,3.4943503654494132
1103,305.0885,34.6053,0.7326524167585948,0.9658374757498438
1104,284.6802,33.8659,0.14215643907256317,0.4254400072465238
1105,252.4411,33.4222,0.05467555348944737,0.2638466919122675
1106,287.7858,33.4222,4.0678611796148845,2.2758211081670496
1107,208.0754,33.8659,6.692287747108359,2.919055567193772
1108,293.997,32.2391,13.800109700736517,4.1917592240801556
1109,193.8783,30.6124,2.1979572502757843,1.6728795798528027
1110,236.1737,30.0208,0.41553420651980005,0.7273751328792849
1111,305.2364,26.1758,0.02187022139577895,0.1668712999086985
1112,338.8065,27.0631,28.245390932648515,5.996928271369609
1113,221.0893,28.3941,46.97723555813319,7.733904189667338
1114,246.5257,26.7673,32.09454989830561,6.392499519045629
1115,311.2997,23.2181,5.3800744633616215,2.6172740705497057
1116,329.1939,21.1477,1.4215643907256317,1.3453594306575556
1117,223.0118,21.8871,5.019215810331269,2.5279762762482
1118,274.1803,16.4153,3.389884316345737,2.077530929649163
1119,243.8637,15.6759,3.477365201928853,2.1041670291547176
